Reg,Callsign,Operator / Agency,Type
VH-AMR,AM222,NSW Ambulance,Fixed-Wing Aircraft
VH-AMD,AM231,NSW Ambulance,Fixed-Wing Aircraft
VH-AAS,AM235,NSW Ambulance,Fixed-Wing Aircraft
VH-AMR,AM242,NSW Ambulance,Fixed-Wing Aircraft
VH-AMS,AM266,NSW Ambulance,Fixed-Wing Aircraft
VH-AMQ,AM280,NSW Ambulance,Fixed-Wing Aircraft
VH-AMQ,AM282,NSW Ambulance,Fixed-Wing Aircraft
VH-AAS,AM288,NSW Ambulance,Fixed-Wing Aircraft
VH-VAD,AM339,NSW Ambulance,Fixed-Wing Aircraft
VH-VAE,AM343,NSW Ambulance,Fixed-Wing Aircraft
